"","Mean_Temp_C","World_Clim_Temp_C","Ocean_Temp_C","Species"
"1",9.1,9.1,13.7718635424523,"Charadrius alexandrinus"
"2",4.7,4.7,9.61141070514227,"Fulica americana"
"3",5.6,5.6,10.8326326156549,"Charadrius semipalmatus"
"4",1.8,1.8,7.80900548896432,"Charadrius vociferus"
"5",9,9,12.7244091850315,"Chordeiles minor"
"6",3.3,3.3,12.0319233431273,"Ciconia nigra"
"7",24.7,24.7,26.7504101669234,"Circaetus cinereus"
"8",9.9,9.9,15.0485224119086,"Circaetus gallicus"
"9",5.8,5.8,11.9858088987772,"Circus aeruginosus"
"10",24.5,24.5,27.5175827984155,"Ciconia ciconia"
"11",0,0,6.42391536261771,"Circus cyaneus"
"12",21.5,21.5,24.8882947677644,"Circus macrourus"
"13",19.4,19.4,22.1370054593127,"Circus pygargus"
"14",21.7,21.7,27.1002812413463,"Clanga pomarina"
"15",-10.6,-10.6,1.70209656650311,"Clangula hyemalis"
"16",25.2,25.2,24.3479691892274,"Coccyzus americanus"
"17",8.2,8.2,11.3887357635869,"Coccyzus erythropthalmus"
"18",-0.3,-0.3,5.8385770006909,"Colaptes auratus"
"19",11.2,11.2,24.1142406024936,"Columba livia"
"20",16.8,16.8,19.8776587763134,"Colinus virginianus"
"21",20.9,20.9,25.4181199278766,"Columbina inca"
"22",15.2,15.2,28.3213561825473,"Columbina passerina"
"23",26.2,26.2,24.5193171973105,"Coragyps atratus"
"24",NA,NA,11.5712412458721,"Daption capense"
"25",2.1,2.1,8.28555731284449,"Dendragapus obscurus"
"26",6.1,6.1,10.5586710016516,"Cygnus olor"
"27",16.6,16.6,22.8016923034511,"Cypseloides niger"
"28",6.3,6.3,10.8154192909964,"Dryobates pubescens"
"29",26.3,26.3,24.5715948560515,"Egretta thula"
"30",NA,NA,26.2210261107238,"Egretta rufescens"
"31",27.2,27.2,27.7977248016207,"Elanus caeruleus"
"32",NA,NA,28.3573077800964,"Eudocimus albus"
"33",6.6,6.6,10.24504283168,"Oxyura jamaicensis"
"34",15.6976258576116,NA,15.6976258576116,"Eudyptula minor"
"35",NA,NA,9.13140831961835,"Falco columbarius"
"36",22.6,22.6,27.4431391393778,"Falco eleonorae"
"37",NA,NA,29.4352310496644,"Falco tinnunculus"
"38",28.5,28.5,24.9674061226524,"Falco vespertinus"
"39",-2.1,-2.1,4.69624954206993,"Falcipennis canadensis"
"40",21.5,21.5,23.6854007046113,"Falco berigora"
"41",9.5,9.5,14.3097970189481,"Falco mexicanus"
"42",NA,NA,25.7861474450381,"Falco naumanni"
"43",-5.2,-5.2,5.48140818234532,"Falco peregrinus"
"44",15.9463067648606,NA,15.9463067648606,"Fratercula cirrhata"
"45",21.6,21.6,23.5579957687635,"Falco rupicoloides"
"46",25.2,25.2,26.6376901983413,"Falco sparverius"
"47",1.7,1.7,11.4240732340165,"Falco subbuteo"
"48",-0.5,-0.5,6.24452032462523,"Gallinago gallinago"
"49",NA,NA,27.3481922431652,"Gallinula chloropus"
"50",12.8,12.8,16.4224889304086,"Gelochelidon nilotica"
"51",15.6,15.6,22.7708733250839,"Geococcyx californianus"
"52",5.30125754763981,-2.2,5.30125754763981,"Gavia arctica"
"53",5.01394150886593,-1.4,5.01394150886593,"Gavia immer"
"54",3.20541834797833,-8.2,3.20541834797833,"Gavia stellata"
"55",4.5,4.5,9.55481076789743,"Grus americana"
"56",NA,NA,26.628623867392,"Gygis alba"
"57",14.2,14.2,16.8385295567678,"Spinus pinus"
"58",11.1,11.1,12.3098105408209,"Gymnogyps californianus"
"59",23.2,23.2,23.8073430564519,"Haliastur sphenurus"
"60",NA,NA,17.9910045887002,"Hydrobates furcatus"
"61",NA,NA,16.0643040736976,"Hydrobates homochroa"
"62",NA,NA,27.6650539795207,"Hydrobates pelagicus"
"63",20.7,20.7,22.3470890323953,"Hydrobates tristrami"
"64",6.9,6.9,12.1069772539293,"Hylatomus pileatus"
"65",NA,NA,27.3188174367782,"Ictinia mississippiensis"
"66",24.1,24.1,28.3532785544301,"Lamprolaima rhami"
"67",NA,NA,23.5469415704823,"Ammospiza caudacuta"
"68",18.1,18.1,21.5049622157688,"Ammospiza maritima"
"69",9.1,9.1,13.5705359926117,"Ammodramus savannarum"
"70",16.1,16.1,24.9289662034471,"Amphispiza quinquestriata"
"71",15.5,15.5,27.5871465607665,"Aphelocoma ultramarina"
"72",13.7,13.7,16.9561946850212,"Baeolophus bicolor"
"73",17.7,17.7,26.162763035637,"Baeolophus wollweberi"
"74",0.5,0.5,6.07334548498826,"Mareca americana"
"75",20.4,20.4,23.3873406255444,"Bombycilla cedrorum"
"76",-5.4,-5.4,4.79915259993252,"Mareca penelope"
"77",-0.1,-0.1,5.7833081235323,"Calcarius pictus"
"78",9.8,9.8,13.525769356118,"Acanthis flammea"
"79",10.6,10.6,14.1645508852163,"Spinus tristis"
"80",6.8,6.8,12.7069635651765,"Haemorhous cassinii"
"81",-0.7,-0.7,6.53197247688876,"Haemorhous purpureus"
"82",19.4,19.4,23.4089497097233,"Corvus cryptoleucus"
"83",12.7,12.7,14.7629622649687,"Corvus brachyrhynchos"
"84",12.1,12.1,15.8935270523717,"Setophaga caerulescens"
"85",15.7,15.7,18.0003597990741,"Setophaga castanea"
"86",17.7,17.7,21.1595709183249,"Setophaga fusca"
"87",5.7,5.7,8.66192760765866,"Setophaga kirtlandii"
"88",0,0,6.66659216068084,"Setophaga magnolia"
"89",-1.6,-1.6,4.97783754915783,"Setophaga palmarum"
"90",15.5,15.5,17.9809737735218,"Setophaga pensylvanica"
"91",13,13,16.0487633653287,"Setophaga townsendi"
"92",-0.3,-0.3,6.16544788460764,"Setophaga tigrina"
"93",12.6,12.6,16.3926083783943,"Setophaga virens"
"94",-1,-1,5.45805379477397,"Empidonax flaviventris"
"95",6.2,6.2,11.6949009151509,"Empidonax oberholseri"
"96",2.7,2.7,14.3097970189481,"Gymnorhinus cyanocephalus"
"97",14.3,14.3,17.9375833530961,"Icterus spurius"
"98",NA,NA,10.5379966536663,"Larus argentatus"
"99",18.6,18.6,23.9420016168296,"Melozone fusca"
"100",26.9,26.9,28.7992450606778,"Larus atricilla"
"101",1.7,1.7,6.69996233008603,"Larus canus"
"102",9.8,9.8,12.7534829826694,"Larus californicus"
"103",3,3,8.36978217153943,"Larus delawarensis"
"104",NA,NA,11.6018088595903,"Larus glaucescens"
"105",NA,NA,11.1738184829481,"Larus marinus"
"106",14.5,14.5,17.1246137055586,"Larus pipixcan"
"107",26.3,26.3,24.3807802706432,"Leptotila verreauxi"
"108",7,7,11.4021895821771,"Leuconotopicus villosus"
"109",17.8,17.8,21.532638610629,"Leuconotopicus borealis"
"110",7.2,7.2,10.7977226435332,"Limnodromus scolopaceus"
"111",-0.8,-0.8,5.4028247355805,"Limnodromus griseus"
"112",NA,NA,29.2366403036227,"Limosa lapponica"
"113",9.8,9.8,13.5705359926117,"Lophodytes cucullatus"
"114",20.6,20.6,23.6748969297722,"Lophoictinia isura"
"115",10.6,10.6,10.3240914176171,"Geothlypis tolmiei"
"116",15.6,15.6,19.1534537869344,"Poecile carolinensis"
"117",11.8,11.8,14.7978544781798,"Setophaga americana"
"118",-8.6,-8.6,4.6943092644408,"Poecile cinctus"
"119",-1.4,-1.4,5.11990003663953,"Poecile hudsonicus"
"120",7.2,7.2,10.7403312681892,"Poecile rufescens"
"121",15.9,15.9,26.6520539557244,"Poecile sclateri"
"122",9,9,13.451251031516,"Passerella arborea"
"123",25.3,25.3,27.7502183611044,"Argya squamiceps"
"124",1.9,1.9,7.01710621887009,"Leiothlypis celata"
"125",18.6,18.6,18.2074342338888,"Leiothlypis luciae"
"126",-0.2,-0.2,5.67020247418488,"Leiothlypis peregrina"
"127",13.9,13.9,16.4366272102973,"Leiothlypis ruficapilla"
"128",18.4,18.4,24.5609200029128,"Leiothlypis virginiae"
"129",-0.3,-0.3,5.54361265987035,"Cardellina pusilla"
"130",13,13,16.2953758810264,"Megascops asio"
"131",7.8,7.8,15.231102948316,"Megascops kennicottii"
"132",14.4,14.4,17.0266835917187,"Melanerpes erythrocephalus"
"133",NA,NA,26.2210261107238,"Melanerpes aurifrons"
"134",14.2,14.2,17.0266835917187,"Melanerpes carolinus"
"135",19.4,19.4,26.0370488752031,"Melanerpes formicivorus"
"136",10.6,10.6,15.0821349933489,"Milvus milvus"
"137",14,14,16.0753629764089,"Meleagris gallopavo"
"138",-5.1,-5.1,5.42140870341549,"Mergus serrator"
"139",19.7,19.7,25.7098535776267,"Merops bullockoides"
"140",27.1,27.1,26.8989876054086,"Nycticorax nycticorax"
"141",20.7,20.7,25.5900523541756,"Micrathene whitneyi"
"142",NA,NA,29.1531048264437,"Milvus migrans"
"143",NA,NA,19.4252918201002,"Morus serrator"
"144",25.9,25.9,24.7623451457482,"Mycteria americana"
"145",NA,NA,28.4559790248681,"Phalacrocorax carbo"
"146",14.1,14.1,22.3493495529335,"Numenius arquata"
"147",-2.8,-2.8,4.1364733362475,"Numenius tahitiensis"
"148",27.5,27.5,28.5844729108175,"Nyctanassa violacea"
"149",NA,NA,27.4381858663842,"Onychoprion lunatus"
"150",NA,NA,-0.281823958064704,"Pagodroma nivea"
"151",7.8,7.8,11.4025306463077,"Pandion haliaetus"
"152",18,18,25.7996745088597,"Patagioenas fasciata"
"153",25.7,25.7,28.0603426320939,"Patagioenas leucocephala"
"154",2.6,2.6,13.6477901078321,"Pelecanus erythrorhynchos"
"155",NA,NA,28.3800862367619,"Pelecanus occidentalis"
"156",6.2,6.2,11.4310284505476,"Perdix perdix"
"157",5.7,5.7,10.6967331686406,"Pernis apivorus"
"158",10.9,10.9,14.6263199358844,"Phalacrocorax auritus"
"159",17.9737476103973,NA,17.9737476103973,"Phalacrocorax pelagicus"
"160",6,6,14.0114922184036,"Phalaenoptilus nuttallii"
"161",NA,NA,28.4257959394637,"Phoenicopterus ruber"
"162",NA,NA,28.7772755013219,"Pluvialis squatarola"
"163",3.1,3.1,13.1761738423316,"Platalea leucorodia"
"164",6.98992816708244,0.1,6.98992816708244,"Podiceps auritus"
"165",21.5,21.5,20.002547727705,"Plegadis chihi"
"166",NA,NA,27.9748085365006,"Pluvialis dominica"
"167",NA,NA,3.51527535740376,"Polysticta stelleri"
"168",25.8,25.8,25.7557299337775,"Procelsterna cerulea"
"169",6.8,6.8,13.0735485145226,"Psiloscops flammeolus"
"170",NA,NA,27.6913678815855,"Pterodroma alba"
"171",25,25,26.6291501148285,"Pterodroma hypoleuca"
"172",20.8,20.8,23.3773627610358,"Steganopus tricolor"
"173",NA,NA,13.5535428188355,"Pterodroma macroptera"
"174",NA,NA,28.105102337191,"Puffinus auricularis"
"175",NA,NA,26.3074602001182,"Puffinus nativitatis"
"176",11.8434500348102,0,11.8434500348102,"Ptychoramphus aleuticus"
"177",26.4,26.4,27.2905904120568,"Rallus longirostris"
"178",5.1,5.1,11.8928142580648,"Recurvirostra americana"
"179",25,25,24.5542104607651,"Rostrhamus sociabilis"
"180",NA,NA,6.59799400240558,"Rissa brevirostris"
"181",25.3,25.3,24.5542104607651,"Rynchops niger"
"182",0.5,0.5,9.35397746807249,"Selasphorus rufus"
"183",23.1,23.1,24.8774767571883,"Selasphorus sasin"
"184",5.7,5.7,7.72612558414333,"Somateria mollissima"
"185",NA,NA,12.1950194475641,"Somateria spectabilis"
"186",0.8,0.8,6.83181471282875,"Sphyrapicus varius"
"187",NA,NA,26.4648176146599,"Spilopelia chinensis"
"188",0.9,0.9,7.96010001917617,"Spatula clypeata"
"189",NA,NA,19.3763670509881,"Spatula cyanoptera"
"190",5.6,5.6,9.64903951021776,"Spatula discors"
"191",NA,NA,-0.24154332412545,"Stercorarius longicaudus"
"192",11.4,11.4,15.1020585302046,"Sterna forsteri"
"193",NA,NA,-0.37958459747238,"Sterna paradisaea"
"194",7.7,7.7,13.799583860448,"Sternula albifrons"
"195",NA,NA,28.086445623664,"Sternula antillarum"
"196",8.1,8.1,12.610838269408,"Strix varia"
"197",4.1,4.1,8.03434367721858,"Strix nebulosa"
"198",19.5,19.5,18.2074342338888,"Strix occidentalis"
"199",19.8,19.8,28.3817792461578,"Tachybaptus ruficollis"
"200",27.1,27.1,25.3275006178324,"Thalasseus sandvicensis"
"201",24.6,24.6,27.1672227401868,"Threskiornis aethiopicus"
"202",26.2,26.2,23.2609982012464,"Tringa flavipes"
"203",24.4,24.4,26.4634518573251,"Setophaga flavescens"
"204",6.6,6.6,9.12929747160235,"Setophaga petechia"
"205",7.3,7.3,10.8064552778158,"Tringa semipalmata"
"206",15.2,15.2,17.339746528743,"Zenaida macroura"
"207",NA,NA,4.31654935085002,"Thalassarche chrysostoma"
"208",16.6,16.6,26.5774621186753,"Junco phaeonotus"
"209",24.8,24.8,24.9015016747235,"Myiarchus tyrannulus"
"210",1.8,1.8,6.89857935144493,"Passerculus sandwichensis"
"211",-3.8,-3.8,4.29782946152728,"Passerella iliaca"
"212",26.9,26.9,27.1501723046952,"Progne subis"
"213",16.4,16.4,13.1445383492705,"Pica nutalli"
"214",8.4,8.4,10.3673098767611,"Pipilo erythrophthalmus"
"215",-5.2,-5.2,5.48140818234532,"Phylloscopus borealis"
"216",7.1,7.1,11.8642669867463,"Riparia riparia"
"217",10,10,13.9922764600473,"Sitta carolinensis"
"218",17.1,17.1,21.532638610629,"Sitta pusilla"
"219",13.6,13.6,27.7350353237488,"Sporophila torqueola"
"220",2.6,2.6,10.2765877280829,"Sturnus vulgaris"
"221",14,14,18.1582356873716,"Troglodytes troglodytes"
"222",-0.7,-0.7,5.22581284526548,"Turdus migratorius"
"223",15.9,15.9,20.2864874242712,"Zosterops japonicus"
"224",NA,NA,27.5368313023558,"Sturnella magna"
"225",16.1,16.1,26.6902395165332,"Molothrus aeneus"
"226",NA,NA,17.0033162247593,"Morus bassanus"
"227",29.7,29.7,26.0401079893214,"Hydroprogne caspia"
"228",25.5,25.5,22.098785411101,"Laterallus jamaicensis"
"229",10.0015096634333,NA,10.0015096634333,"Podiceps grisegena"
"230",NA,NA,23.0037151776108,"Procellaria parkinsoni"
"231",NA,NA,25.4757145403781,"Puffinus lherminieri"
"232",NA,NA,27.6924636231804,"Puffinus puffinus"
"233",13.6,13.6,15.8510068400891,"Rissa tridactyla"
"234",NA,NA,25.9020893081144,"Sula dactylatra"
"235",23.7,23.7,27.0331138483749,"Sula leucogaster"
"236",NA,NA,25.8731403384029,"Sula sula"
"237",NA,NA,19.1251428916549,"Thalassarche chlororhynchos"
"238",NA,NA,10.8049447984362,"Thalassarche melanophris"
"239",14.052173901223,NA,14.052173901223,"Uria lomvia"
"240",2.2,2.2,9.70054104708156,"Plectrophenax nivalis"
"241",20.2,20.2,25.9362246684191,"Sayornis nigricans"
"242",8.78118145398781,NA,8.78118145398781,"Phalacrocorax penicillatus"
"243",26.2,26.2,28.4247887209977,"Accipiter striatus"
"244",10.7917499728895,-0.4,10.7917499728895,"Aechmophorus occidentalis"
"245",9.3,9.3,11.2501526825247,"Antrostomus vociferus"
"246",12.8,12.8,15.6367052943348,"Passerina cyanea"
"247",NA,NA,26.0985405786268,"Hydrobates leucorhous"
"248",25.8,25.8,26.6902395165332,"Camptostoma imberbe"
"249",16.3,16.3,18.8000145654584,"Cardinalis cardinalis"
"250",18.3,18.3,23.9420016168296,"Cardinalis sinuatus"
"251",13.6,13.6,23.9981271718633,"Spinus psaltria"
"252",7.2,7.2,18.224341789203,"Haemorhous mexicanus"
"253",9.4,9.4,13.7625489451179,"Chondestes grammacus"
"254",16.2,16.2,20.2798752642684,"Corvus ossifragus"
"255",8.8,8.8,10.5606276399699,"Setophaga pinus"
"256",-2.8,-2.8,4.28300847699888,"Setophaga striata"
"257",4.9,4.9,9.19002539107441,"Ficedula hypoleuca"
"258",3.7,3.7,8.49157136724319,"Limosa fedoa"
"259",14.5,14.5,16.9561946850212,"Geothlypis formosa"
"260",17,17,18.8870852135557,"Geothlypis philadelphia"
"261",16.3,16.3,18.9764029538594,"Cardellina canadensis"
"262",13,13,18.051232773162,"Setophaga citrina"
"263",2.6,2.6,10.267060920925,"Mareca strepera"
"264",26.2,26.2,22.9043741852007,"Parabuteo unicinctus"
"265",8.3,8.3,9.80861987985649,"Scolopax minor"
"266",5.2,5.2,11.2053778790167,"Selasphorus calliope"
"267",16.3,16.3,26.5774621186753,"Selasphorus platycercus"
"268",14.7765789710628,NA,14.7765789710628,"Synthliboramphus hypoleucus"
"269",9,9,13.542258190541,"Tympanuchus cupido"
"270",1.8,1.8,6.76436524229696,"Tympanuchus phasianellus"
"271",24.2,24.2,26.3901024833733,"Zenaida asiatica"
"272",-1.5,-1.5,4.79157073759659,"Junco hyemalis"
"273",7.8,7.8,13.2096631061727,"Pica pica"
"274",15.4,15.4,19.1534537869344,"Thryothorus ludovicianus"
"275",-1.2,-1.2,4.90805762598652,"Setophaga coronata"
"276",NA,NA,22.6903733183299,"Phoebastria irrorata"
"277",23.7,23.7,25.9280309881195,"Pterodroma leucoptera"
"278",12.5767655864791,NA,12.5767655864791,"Spheniscus magellanicus"
"279",NA,NA,28.1830561028128,"Thalasseus maximus"
"280",12.9877927113938,NA,12.9877927113938,"Uria aalge"
"281",16.2,16.2,23.0476866327792,"Acridotheres cristatellus"
"282",13.9,13.9,16.4366272102973,"Agelaius phoeniceus"
"283",18.6,18.6,23.9420016168296,"Aimophila ruficeps"
"284",17.5,17.5,23.9676515923846,"Amphispiza bilineata"
"285",22.3,22.3,24.8376782534831,"Aphelocoma coerulescens"
"286",4.2,4.2,12.2124817236094,"Bombycilla garrulus"
"287",5.2,5.2,11.3883236007405,"Calamospiza melanocorys"
"288",13.4,13.4,22.8174296224927,"Cardellina rubrifrons"
"289",18.9,18.9,23.9676515923846,"Campylorhynchus brunneicapillus"
"290",26.8,26.8,25.5660779910676,"Catharus fuscescens"
"291",2.9,2.9,7.91195303133742,"Catharus guttatus"
"292",10,10,12.9679332293954,"Catharus minimus"
"293",NA,NA,11.1540950918426,"Cinclus mexicanus"
"294",8.1,8.1,12.1898854680634,"Contopus sordidulus"
"295",11.4,11.4,13.6827691201427,"Contopus virens"
"296",2,2,10.8261135828952,"Corvus corax"
"297",7.3,7.3,9.45089555089076,"Corvus caurinus"
"298",11.2,11.2,13.6827691201427,"Cyanocitta cristata"
"299",28.2,28.2,28.6124916941802,"Dolichonyx oryzivorus"
"300",8.5,8.5,12.8645237015683,"Dumetella carolinensis"
"301",12.2155261705357,7,12.2155261705357,"Aethia pusilla"
"302",16.6,16.6,26.6882178875305,"Empidonax fulvifrons"
"303",1.1,1.1,7.70604992876695,"Empidonax minimus"
"304",4,4,9.18880995203881,"Euphagus cyanocephalus"
"305",9,9,13.2186983440449,"Empidonax traillii"
"306",14.2,14.2,17.0266835917187,"Empidonax virescens"
"307",-1.1,-1.1,4.67507642630489,"Euphagus carolinus"
"308",7.4,7.4,11.4577268876139,"Geothlypis trichas"
"309",14,14,16.958305462795,"Helmitheros vermivorum"
"310",7.4,7.4,13.1885305100755,"Hirundo rustica"
"311",12.2,12.2,15.8048804147474,"Icteria virens"
"312",20.7,20.7,25.5900523541756,"Icterus cucullatus"
"313",8.2,8.2,12.1299431505045,"Icterus galbula"
"314",16.8,16.8,21.6153847446062,"Icterus parisorum"
"315",20.7,20.7,29.172352274224,"Icterus pectoralis"
"316",11,11,12.6174876937977,"Chaetura pelagica"
"317",17.2,17.2,20.2954415822082,"Lanius ludovicianus"
"318",16.8,16.8,20.3530022361854,"Aythya valisineria"
"319",-6.1,-6.1,6.27556725290525,"Leucosticte arctoa"
"320",-0.6,-0.6,6.15431021939341,"Melospiza georgiana"
"321",0.3,0.3,6.67867202176155,"Melospiza lincolnii"
"322",0.8,0.8,7.14391548917876,"Melospiza melodia"
"323",20.7,20.7,18.3904882139638,"Melozone aberti"
"324",4.5,4.5,9.57364718711344,"Charadrius melodus"
"325",4,4,6.79591507911478,"Mniotilta varia"
"326",6.9,6.9,10.8064552778158,"Molothrus ater"
"327",7.2,7.2,18.224341789203,"Myiarchus cinerascens"
"328",11.2,11.2,13.8145321855358,"Myiarchus crinitus"
"329",3.4,3.4,11.072418059236,"Haematopus ostralegus"
"330",25.8,25.8,25.4644756589815,"Haematopus palliatus"
"331",16.8,16.8,22.8016923034511,"Myioborus pictus"
"332",-2.2,-2.2,4.7022093234596,"Haliaeetus albicilla"
"333",21.8,21.8,23.0843486411512,"Hieraaetus morphnoides"
"334",-0.7,-0.7,5.14879321228374,"Haliaeetus leucocephalus"
"335",25.8,25.8,27.7591431361613,"Hieraaetus wahlbergi"
"336",8.6,8.6,12.2255544339113,"Nucifraga columbiana"
"337",13.4,13.4,15.8951142471197,"Accipiter cooperii"
"338",26,26,28.2328245695518,"Pycnonotus jocosus"
"339",25.6,25.6,25.2587886760714,"Oporornis agilis"
"340",1.5,1.5,8.49262323507722,"Accipiter gentilis"
"341",0,0,6.00690932610854,"Parkesia noveboracensis"
"342",18.5,18.5,20.5276119578994,"Passerina ciris"
"343",14.2,14.2,16.2520502134977,"Parus major"
"344",6.4,6.4,12.2612068516915,"Passerina amoena"
"345",17.6,17.6,19.2247356976489,"Passerina caerulea"
"346",0.8,0.8,7.93404140246349,"Lagopus leucura"
"347",-0.7,-0.7,5.11990003663953,"Perisoreus canadensis"
"348",5.9,5.9,11.9175320822699,"Petrochelidon pyrrhonota"
"349",18.4,18.4,22.8227522233684,"Peucaea aestivalis"
"350",4.8,4.8,13.3606809172648,"Pheucticus melanocephalus"
"351",5.2,5.2,10.1028826287683,"Pheucticus ludovicianus"
"352",-5.5,-5.5,6.8084687220168,"Pinicola enucleator"
"353",18.1,18.1,24.5609200029128,"Pipilo chlorurus"
"354",NA,NA,-0.388285014023449,"Branta bernicla"
"355",13.8,13.8,18.0712952385006,"Setophaga discolor"
"356",3.7,3.7,9.85637062020262,"Piranga ludoviciana"
"357",9.4,9.4,11.2501526825247,"Piranga olivacea"
"358",19.4,19.4,27.4741474994783,"Piranga rubra"
"359",NA,NA,3.38136517863298,"Plectrophenax hyperboreus"
"360",-2.1,-2.1,4.80217065251013,"Branta canadensis"
"361",13.8,13.8,16.337048674776,"Polioptila caerulea"
"362",6.8,6.8,10.8184259598932,"Pooecetes gramineus"
"363",4.8,4.8,10.1028826287683,"Calidris alpina"
"364",28.1,28.1,27.5374777879052,"Calidris fuscicollis"
"365",14.3,14.3,17.0266835917187,"Protonotaria citrea"
"366",16.8,16.8,20.2975135714654,"Limnothlypis swainsonii"
"367",20.2,20.2,23.5734884348293,"Quiscalus major"
"368",21.6,21.6,24.8311168474851,"Quiscalus mexicanus"
"369",3.9,3.9,8.86170530282011,"Quiscalus quiscula"
"370",14.3,14.3,16.8385295567678,"Regulus satrapa"
"371",-0.2,-0.2,6.25927126754992,"Regulus calendula"
"372",1.4,1.4,11.2497263906124,"Spizella breweri"
"373",7.3,7.3,11.4577268876139,"Calidris minutilla"
"374",2.1,2.1,6.84853517767684,"Calidris ptilocnemis"
"375",4.1,4.1,9.49827785312128,"Sayornis phoebe"
"376",23.7,23.7,24.095119995731,"Melanerpes uropygialis"
"377",4.3,4.3,7.43024016193373,"Seiurus aurocapilla"
"378",7.2,7.2,9.02857246686827,"Sialia sialis"
"379",6.4,6.4,10.8333415620475,"Calidris pusilla"
"380",4.3,4.3,10.1535598319585,"Setophaga ruticilla"
"381",0.6,0.6,8.58014218561819,"Sialia currucoides"
"382",15.6,15.6,23.4583066544134,"Sialia mexicana"
"383",9.1,9.1,12.8765874880541,"Callipepla californica"
"384",4.1,4.1,9.04005210066946,"Sitta canadensis"
"385",-2.5,-2.5,5.58925822686746,"Melanitta deglandi"
"386",12.4,12.4,18.4030943968763,"Sitta pygmaea"
"387",5.9,5.9,9.64903951021776,"Spizella passerina"
"388",13.9,13.9,16.9877492643198,"Spizella pusilla"
"389",12.2,12.2,14.9535170850635,"Spiza americana"
"390",26.4,26.4,25.2556240905059,"Stelgidopteryx ruficollis"
"391",1.6,1.6,7.8604645206965,"Spizella pallida"
"392",-0.4,-0.4,8.66069585222561,"Mergus merganser"
"393",NA,NA,29.2739431263736,"Numenius phaeopus"
"394",3.3,3.3,8.49157136724319,"Tachycineta bicolor"
"395",23.5,23.5,25.1578217113613,"Telespiza cantans"
"396",17.9,17.9,24.4623967503806,"Toxostoma curvirostre"
"397",16.1,16.1,20.0071850760173,"Thryomanes bewickii"
"398",5.5,5.5,10.4498901119609,"Chlidonias niger"
"399",14.1,14.1,15.9432115611475,"Toxostoma bendirei"
"400",21.8,21.8,17.8541569791484,"Toxostoma lecontei"
"401",23.3,23.3,25.237361141929,"Toxostoma longirostre"
"402",17.1,17.1,15.0237398907929,"Toxostoma redivivum"
"403",7.6,7.6,12.1069772539293,"Toxostoma rufum"
"404",13.6,13.6,16.0753629764089,"Ardea herodias"
"405",7.5,7.5,12.1402023052222,"Tyrannus tyrannus"
"406",5.8,5.8,13.4754404045932,"Tyrannus verticalis"
"407",17.7,17.7,22.861773977957,"Vermivora chrysoptera"
"408",11.1,11.1,13.6225889510634,"Vermivora cyanoptera"
"409",16.6,16.6,18.0728661833009,"Vireo bellii"
"410",12.1,12.1,14.7597593962502,"Vireo flavifrons"
"411",0.5,0.5,6.95671888807227,"Vireo philadelphicus"
"412",14.1,14.1,15.5036524951675,"Larus occidentalis"
"413",0.5,0.5,6.28719099203175,"Vireo solitarius"
"414",8.7,8.7,10.8004958115203,"Xanthocephalus xanthocephalus"
"415",9.7,9.7,13.3925060145167,"Calypte anna"
"416",-5.4,-5.4,8.06563502390174,"Zonotrichia atricapilla"
"417",16.9431133066435,12.7,16.9431133066435,"Synthliboramphus antiquus"
"418",NA,NA,27.9290567774785,"Thalasseus elegans"
"419",-1.2,-1.2,5.08613349860814,"Zonotrichia albicollis"
"420",-2,-2,4.05182062841301,"Zonotrichia leucophrys"
"421",2.7,2.7,7.96353818870522,"Zonotrichia querula"
"422",-1.5,-1.5,7.69762197847446,"Accipiter nisus"
"423",3.4,3.4,8.49157136724319,"Actitis macularius"
"424",6.6,6.6,10.8154192909964,"Aegolius acadicus"
"425",4.7,4.7,9.76741590120714,"Aegolius funereus"
"426",17.4,17.4,25.2138909653832,"Aeronautes saxatalis"
"427",14.4944307326161,5.2,14.4944307326161,"Aethia cristatella"
"428",13.1,13.1,16.3926083783943,"Aix sponsa"
"429",22.8,22.8,27.5794749513624,"Dendrocygna bicolor"
"430",-1.4,-1.4,7.69073547172439,"Cygnus buccinator"
"431",-12.3,-12.3,1.19220417252143,"Cygnus columbianus"
"432",-1.2,-1.2,5.86129295678536,"Anas acuta"
"433",-0.5,-0.5,6.24452032462523,"Anas crecca"
"434",22.1,22.1,24.3255118377333,"Anas fulvigula"
"435",22.4,22.4,23.6358933231613,"Anas laysanensis"
"436",6.4,6.4,11.3083535394207,"Anas platyrhynchos"
"437",-1,-1,2.46933748391654,"Anas rubripes"
"438",26.5,26.5,24.8893869468849,"Anhinga anhinga"
"439",NA,NA,28.5491748535027,"Anous tenuirostris"
"440",-15.6,-15.6,0.791327619277371,"Anser albifrons"
"441",NA,NA,0.380010758690645,"Anser brachyrhynchus"
"442",3,3,7.45609245623736,"Anser caerulescens"
"443",3.7,3.7,8.84370655064325,"Anser canagicus"
"444",NA,NA,27.4788849636163,"Anous minutus"
"445",NA,NA,26.4235041820011,"Anous stolidus"
"446",7.6,7.6,11.4021895821771,"Anser rossii"
"447",-1.5,-1.5,4.65400712608971,"Antigone canadensis"
"448",21.5,21.5,22.4832752662574,"Aquila audax"
"449",2.7,2.7,12.0142690960922,"Aquila chrysaetos"
"450",9.9,9.9,12.3856808140827,"Archilochus colubris"
"451",NA,NA,29.2366403036227,"Arenaria interpres"
"452",-0.6,-0.6,6.42391536261771,"Asio flammeus"
"453",4.7,4.7,12.6096593264501,"Asio otus"
"454",24.9,24.9,21.6921785924237,"Athene cunicularia"
"455",1.4,1.4,6.4934686750345,"Aythya affinis"
"456",-0.2,-0.2,6.08740193009844,"Aythya collaris"
"457",7.2,7.2,9.7621023333629,"Aythya americana"
"458",-11.5,-11.5,2.49521110235176,"Aythya marila"
"459",26.6,26.6,27.1057849474374,"Bartramia longicauda"
"460",-6.1,-6.1,4.83136719989899,"Bubo scandiacus"
"461",4.3,4.3,10.0814874374385,"Bucephala islandica"
"462",0.9,0.9,7.26876898119838,"Bonasa umbellus"
"463",12.9,12.9,16.8016553485739,"Bucephala albeola"
"464",3.7,3.7,9.51716075605227,"Botaurus lentiginosus"
"465",26.2,26.2,27.5145374239537,"Butastur indicus"
"466",-0.5,-0.5,6.44962401750982,"Bucephala clangula"
"467",NA,NA,26.7752517666949,"Bubo virginianus"
"468",24.3,24.3,27.1112528297948,"Bubulcus ibis"
"469",26.9,26.9,28.4975424512114,"Buteogallus anthracinus"
"470",3,3,8.69563808758211,"Buteo buteo"
"471",0.1,0.1,6.42768695436991,"Buteo jamaicensis"
"472",-1.8,-1.8,5.33130557678169,"Buteo lagopus"
"473",15.4,15.4,18.0558470029257,"Buteo lineatus"
"474",5.6,5.6,10.7947207637035,"Buteo regalis"
"475",25.7,25.7,24.3809280778581,"Buteo swainsoni"
"476",NA,NA,27.0681069115249,"Butorides striata"
"477",NA,NA,29.2366403036227,"Calidris alba"
"478",-8.9,-8.9,0.347640025927218,"Calidris canutus"
"479",26.4,26.4,23.8083238798056,"Calidris himantopus"
"480",NA,NA,26.4383459815606,"Calidris mauri"
"481",NA,NA,28.3857636171039,"Calidris melanotos"
"482",20.1,20.1,18.2074342338888,"Callipepla gambelii"
"483",15.7,15.7,25.2138909653832,"Calothorax lucifer"
"484",22.7,22.7,21.5654834848352,"Caracara plancus"
"485",26.1,26.1,23.9798004963713,"Cathartes aura"
"486",7.23137794817869,NA,7.23137794817869,"Cepphus grylle"
"487",12.8142608792911,9.3,12.8142608792911,"Cepphus columba"
"488",2.7,2.7,9.86391313312329,"Chaetura vauxi"
"489",24.7,24.7,26.9588111858526,"Fregata ariel"
"490",14.2495592500295,8,14.2495592500295,"Podiceps nigricollis"
"491",19.6,19.6,24.0562178089872,"Anthus spinoletta"
"492",NA,NA,8.98964768935014,"Anthus rubescens"
"493",17.3,17.3,15.0237398907929,"Baeolophus inornatus"
"494",NA,NA,5.67999104378053,"Calcarius lapponicus"
"495",24.9,24.9,28.7992450606778,"Catharus ustulatus"
"496",1.9,1.9,10.267060920925,"Certhia familiaris"
"497",3.4,3.4,8.65415627258086,"Contopus cooperi"
"498",7.8,7.8,10.4631050392947,"Empidonax difficilis"
"499",14.7,14.7,16.6376296803449,"Mimus polyglottos"
"500",6.7,6.7,13.7079084943968,"Loxia curvirostra"
"501",12.1,12.1,17.1505541572664,"Passer domesticus"
"502",11.8,11.8,16.0705624092665,"Passer montanus"
"503",NA,NA,27.3010388429332,"Vireo olivaceus"
"504",13.2231693891735,NA,13.2231693891735,"Alca torda"
"505",NA,NA,25.4245922739587,"Himatione sanguinea"
"506",NA,NA,27.7195682518566,"Ardenna tenuirostris"
"507",25.7,25.7,27.8906844629336,"Bulweria bulwerii"
"508",16.1537103009021,-4.9,16.1537103009021,"Cerorhinca monocerata"
"509",NA,NA,5.45585779167463,"Diomedea epomophora"
"510",NA,NA,8.87055097787992,"Diomedea exulans"
"511",NA,NA,17.5859906080664,"Diomedea amsterdamensis"
"512",12.6637275783086,NA,12.6637275783086,"Fratercula arctica"
"513",NA,NA,26.5304988195402,"Fregata minor"
"514",8,8,11.1156221796751,"Fulmarus glacialis"
"515",NA,NA,25.9301341196411,"Onychoprion fuscatus"
"516",24.6,24.6,22.975779073794,"Troglodytes aedon"
"517",NA,NA,27.4762065362587,"Ardenna gravis"
"518",24.7,24.7,27.0331138483749,"Ardenna pacifica"
"519",NA,NA,21.4052359308201,"Phoebastria immutabilis"
"520",NA,NA,27.2061268048193,"Dendrocygna autumnalis"
"521",26.2,26.2,26.63582867998,"Egretta caerulea"
"522",-8.1,-8.1,5.20239614250182,"Melanitta stejnegeri"
"523",NA,NA,24.282648271448,"Pterodroma phaeopygia"
"524",18,18,24.9781404366285,"Dryobates scalaris"
"525",20.7,20.7,19.9319964697783,"Gyps coprotheres"
"526",NA,NA,25.4180043564628,"Phoebastria nigripes"
"527",26.4,26.4,29.008706048847,"Sterna dougallii"
"528",15,15,17.8601632369034,"Tympanuchus pallidicinctus"
"529",25.6,25.6,24.4521151958734,"Pyrocephalus rubinus"
"530",18.9,18.9,23.9676515923846,"Auriparus flaviceps"
"531",7.7,7.7,13.6015964246159,"Cyanocitta stelleri"
"532",4.2,4.2,9.04005210066946,"Poecile atricapillus"
"533",4.9,4.9,11.6949009151509,"Poecile gambeli"
"534",NA,NA,23.9782536834371,"Lanius excubitor"
"535",26,26,28.6191609519232,"Cyanocorax yncas"
"536",NA,NA,26.5428813329659,"Petrochelidon fulva"
"537",6.9,6.9,11.0126523972162,"Tachycineta thalassina"
"538",14.3,14.3,17.0266835917187,"Vireo griseus"
"539",18.4,18.4,23.523668184142,"Vireo huttoni"
"540",20.7,20.7,23.3636108900158,"Vireo atricapilla"
"541",NA,NA,10.2096454244134,"Eremophila alpestris"
"542",8,8,11.9670373315056,"Vireo gilvus"
